"employee_id","first_name","last_name"
3,Amy,Cabrera
5,Bridget,Williams
6,Rebecca,Garcia
7,Antonio,Peters
8,Katrina,Rodgers
9,Douglas,Wilson
10,Roberto,Smith
11,Julia,Kim
13,Matthew,Ramsey
14,Alison,Robinson
15,Sean,Thompson
16,Luis,Lee
18,Keith,Wade
22,Karen,Dudley
23,Kevin,Moreno
24,Richard,Gonzales
25,Donald,Johnson
26,Sandra,Fox
29,Jon,Gonzalez
34,Timothy,Mercer
37,Adam,Moyer
39,Anita,Williams
40,Daniel,Lee
41,Brian,Schaefer
42,Willie,Collins
44,Justin,Smith
45,Scott,Mooney
46,Kimberly,Price
48,Brandi,Morris
49,Ronald,Lewis
50,Courtney,Reynolds
52,Travis,Love
53,Roger,Lewis
55,James,Flores
56,Samantha,Berry
57,David,Ewing
58,Brenda,Novak
59,Daniel,Oconnor
60,Stephen,Ali
61,Kristen,Parker
62,Ruben,Friedman
63,Timothy,Walker
66,Adam,Brooks
68,Mary,Patterson
70,Kenneth,Sullivan
73,Wanda,Brown
75,David,James
76,Paul,White
78,John,Kelly
79,Jared,Lamb
80,Kristen,Rodriguez
81,Tammy,Hardy
82,John,Thomas
83,Madison,Perez
84,Seth,Carter
88,Joshua,Davis
89,Andrew,Walker
91,Jennifer,Diaz
92,James,Gilbert
95,Charles,Barton
96,Alexandra,Richmond
97,Linda,Mitchell
98,Stacey,Wright
101,Jason,Elliott
103,Laura,Cook
104,Laura,Cobb
105,James,Jones
109,Heather,Singh
110,Eric,Simmons
111,Jessica,Patton
112,William,Summers
114,Roger,Hernandez
116,Victoria,Jensen
117,Thomas,Miller
120,Brandy,Christensen
121,Maria,Kidd
122,Heather,Wright
125,Sarah,Thomas
126,Samantha,Hernandez
128,Joseph,Anderson
129,Jamie,Ray
130,Christina,Munoz
131,Jason,Mason
137,Jerry,Brown
138,Edward,Hall
144,Nicole,Brown
146,Debra,Taylor
147,Stephanie,Brown
148,Anthony,Carr
149,Terri,Green
150,Marcus,Banks
153,Matthew,Jackson
154,Jennifer,Hall
156,Michelle,Lopez
157,Raymond,Meyer
158,Jeffrey,Christensen
162,Jason,Franklin
165,Andrea,Campbell
166,Ashley,Howell
168,John,Martin
169,Cameron,Robertson
171,Jesse,Noble
172,Joseph,Vance
173,Jason,Savage
174,Eric,Rodriguez
175,Christina,Johnson
176,Christina,Webb
177,David,Davis
180,Jeffrey,Brown
181,Courtney,Meyer
182,Mathew,Bonilla
183,Latasha,Robinson
184,Shawna,Sanders
187,Jose,Forbes
188,Eric,Shah
189,Scott,Roberson
191,Benjamin,Cook
192,Victor,Cain
193,Rachel,Le
195,Patrick,Molina
196,Steven,Blankenship
199,Kristen,Mendoza
201,Stephanie,Thompson
203,Michael,Chapman
204,Jeffrey,Johnson
205,Desiree,Oneal
208,Robert,Johnson
210,Cory,Kelly
212,Monica,Miller
214,Kristin,Taylor
215,Miranda,Bentley
216,William,Cummings
217,Kristin,Evans
219,Michael,Giles
221,Walter,Rogers
222,Stephanie,Ortiz
223,Eric,Hill
224,Daniel,Gilbert
225,Christopher,Moore
228,Kimberly,Walton
230,Amanda,Serrano
231,Michael,Ramirez
232,Pamela,Schmitt
233,Amy,Cook
235,Tom,Murphy
236,Hannah,Kennedy
237,Robert,Lopez
238,Elaine,Palmer
240,Shelley,Frazier
242,Angela,Carter
243,Mark,Lewis
244,Steven,Frazier
245,Carol,Rogers
246,Caroline,Ryan
247,David,Anderson
249,Anthony,Soto
251,Carolyn,Bullock
252,James,Bradley
255,Robert,Curtis
256,Lance,Sanders
257,Jessica,Hernandez
259,Robert,Rush
261,Briana,Patel
262,Thomas,Molina
264,Mary,Mills
265,David,Shaw
266,Russell,Haley
267,Ryan,Ramirez
268,Kenneth,Weaver
269,Lindsey,Cooper
271,Helen,Wells
272,Caitlin,Anderson
274,Robert,Dawson
276,Dwayne,Lopez
277,Justin,Leach
278,William,Carney
280,Gregory,Ballard
281,Tammy,Deleon
283,Paige,Blair
284,Madison,Ramirez
285,Alyssa,Hendricks
288,Alyssa,Wall
289,Anna,Smith
290,Ray,Allen
291,Jennifer,White
293,Jeremy,Stephenson
294,Tara,Brown
295,Timothy,Reid
296,Amy,Mcdonald
297,Stephanie,Cox
298,Edward,Williams
299,Anthony,Diaz
303,Lori,Young
304,Connie,Waller
305,Julie,Johnson
306,Katrina,Walker
308,Courtney,Williams
309,Rose,Stephens
310,Paul,Hayes
311,Tina,Hammond
313,Ann,Perez
317,Robert,Wood
318,Alice,Spears
319,Cody,Gonzalez
320,Carla,Moore
